{
  "region": "vancouver",
  "locations": [
    [49.285415,-123.114982],
    [49.287,-123.117]
  ],
  "user": {
    "defaults": {
      "center": [49.285415,-123.114982],
      "zoom":40
    }
  }
}